id,first_name,last_name,email,mobile,address,city,country,post_code,shift_code,shift,start_date,modified
1,Kadeem,Snow,egestas@ornaresagittis.co.uk,(761) 312-5526,"4591 Placerat, Rd.",Bremerhaven,Germany,62582,1,1st,1197732058,1562122800
2,Montana,Ayers,lacus.Cras@Morbinequetellus.edu,(456) 424-3514,Ap #854-9658 Facilisis Rd.,Greifswald,Germany,10936,2,2nd,1257371763,1562040000
3,Chelsea,Browning,dolor@aliquet.co.uk,(746) 201-9524,"P.O. Box 102, 3150 Dapibus Ave",Berlin,Germany,27281,2,2nd,1267585402,1562018400
4,Coby,Butler,eu@aliquetmetusurna.com,(197) 972-2198,Ap #564-5111 Vivamus Street,Frankenthal,Germany,4356,2,2nd,1541539101,1562004000
5,Noelani,Huber,dapibus.ligula@parturientmontes.ca,(586) 928-7321,"275-7616 Lorem, Road",Hamburg,Germany,3436,3,3rd,1353395812,1562068800
6,Theodore,Forbes,egestas.urna@augueidante.net,(409) 511-5983,912-2306 Arcu Av.,Brandenburg,Germany,1817,2,2nd,1222803570,1562137200
7,Cheryl,Dillon,eget.venenatis.a@pretiumaliquetmetus.com,(797) 572-8959,652-3006 Lacus. Rd.,Frankenthal,Germany,88993,1,1st,1328494321,1561975200
8,Ulysses,Bates,penatibus.et.magnis@neque.edu,(457) 373-3977,"P.O. Box 586, 7521 Nonummy Street",Hennigsdorf,Germany,90612,2,2nd,1062668890,1562058000
9,Justin,Cabrera,tincidunt.nibh@cursus.ca,(240) 322-8555,"P.O. Box 202, 8812 Nec Rd.",Zweibrücken,Germany,63942,1,1st,1463982697,1562033957
10,Deborah,Ray,dolor.tempus.non@sitamet.com,(161) 739-2289,1770 Erat. St.,Staßfurt,Germany,89741,3,3rd,1177219914,1562029714
11,Remedios,Landry,Quisque.purus.sapien@lorem.org,(775) 293-5070,121-4054 Quam. Street,Bremen,Germany,81820,2,2nd,1475230490,1562025471
12,Kelsie,Manning,iaculis.odio.Nam@luctusetultrices.edu,(639) 575-9035,638 Lacus. St.,Bitterfeld-Wolfen,Germany,65288,1,1st,1145072158,1562021229